{
  "model": "runs\\detect\\runs\\train\\fridge_v12\\weights\\best.pt",
  "metrics": {
    "mAP50": 0.7683137290435691,
    "mAP50-95": 0.5855285469480068,
    "precision": 0.8207203222819595,
    "recall": 0.7637500000179933,
    "f1": 0.7912109597504928
  },
  "inference_speed_ms": 20.75808048248291,
  "fps": 48.17401112033786,
  "top10_best_classes": [
    [
      "leek",
      0.995
    ],
    [
      "spinach",
      0.995
    ],
    [
      "bamboo shoots",
      0.995
    ],
    [
      "cilantro",
      0.995
    ],
    [
      "greens",
      0.995
    ],
    [
      "jar",
      0.995
    ],
    [
      "kimchi",
      0.995
    ],
    [
      "noddle",
      0.995
    ],
    [
      "pickled tomato",
      0.995
    ],
    [
      "meat",
      0.9935296024179641
    ]
  ],
  "top10_worst_classes": [
    [
      "strawberry",
      0.5488210123210123
    ],
    [
      "pineapple",
      0.5482548359966359
    ],
    [
      "kale",
      0.495
    ],
    [
      "pork",
      0.3989069264069264
    ],
    [
      "sausage",
      0.3588324956707473
    ],
    [
      "carrot",
      0.30333333333333334
    ],
    [
      "lime",
      0.22846153846153847
    ],
    [
      "green chilies",
      0.1225
    ],
    [
      "orange juice",
      0.09011363636363637
    ],
    [
      "longan",
      0.0275
    ]
  ]
}